<?xml version="1.0" encoding="utf-8"?>
<RegistrySettings clsid="{A3CCFC41-DFDB-43a5-8D26-0FE8B954DA51}"><Registry clsid="{9CD4B2F4-923D-47f5-A062-E897DD1DAD50}" name="AllowOnlySecureRpcCalls" status="AllowOnlySecureRpcCalls" image="12" changed="2017-10-18 20:33:54" uid="{924D94FE-779C-42EB-9300-79A8994F0BA2}"><Properties action="U" displayDecimal="0" default="0" hive="HKEY_LOCAL_MACHINE" key="SOFTWARE\Microsoft\MSDTC" name="AllowOnlySecureRpcCalls" type="REG_DWORD" value="00000000"/></Registry>
	<Registry clsid="{9CD4B2F4-923D-47f5-A062-E897DD1DAD50}" name="FallbackToUnsecureRPCIfNecessary" status="FallbackToUnsecureRPCIfNecessary" image="12" changed="2017-10-18 20:11:21" uid="{D1033633-F6E8-4BE0-ABD8-610265DDE3C7}"><Properties action="U" displayDecimal="0" default="0" hive="HKEY_LOCAL_MACHINE" key="SOFTWARE\Microsoft\MSDTC" name="FallbackToUnsecureRPCIfNecessary" type="REG_DWORD" value="00000000"/></Registry>
	<Registry clsid="{9CD4B2F4-923D-47f5-A062-E897DD1DAD50}" name="TurnOffRpcSecurity" status="TurnOffRpcSecurity" image="12" changed="2017-10-18 20:11:48" uid="{77A6EE2E-7C47-4BC1-AD82-234382D46E66}"><Properties action="U" displayDecimal="0" default="0" hive="HKEY_LOCAL_MACHINE" key="SOFTWARE\Microsoft\MSDTC" name="TurnOffRpcSecurity" type="REG_DWORD" value="00000001"/></Registry>
	<Registry clsid="{9CD4B2F4-923D-47f5-A062-E897DD1DAD50}" name="NetworkDtcAccess" status="NetworkDtcAccess" image="12" changed="2017-10-18 20:15:05" uid="{6C0F40F4-DCA4-4AEC-A01F-83A1FA4FD459}"><Properties action="U" displayDecimal="0" default="0" hive="HKEY_LOCAL_MACHINE" key="SOFTWARE\Microsoft\MSDTC\Security" name="NetworkDtcAccess" type="REG_DWORD" value="00000001"/></Registry>
	<Registry clsid="{9CD4B2F4-923D-47f5-A062-E897DD1DAD50}" name="NetworkDtcAccessAdmin" status="NetworkDtcAccessAdmin" image="12" changed="2017-10-18 20:15:17" uid="{B25D311A-2D1E-4D0A-9CAD-2C69C12A421F}"><Properties action="U" displayDecimal="0" default="0" hive="HKEY_LOCAL_MACHINE" key="SOFTWARE\Microsoft\MSDTC\Security" name="NetworkDtcAccessAdmin" type="REG_DWORD" value="00000001"/></Registry>
	<Registry clsid="{9CD4B2F4-923D-47f5-A062-E897DD1DAD50}" name="NetworkDtcAccessClients" status="NetworkDtcAccessClients" image="12" changed="2017-10-18 20:15:22" uid="{79742F73-E9C0-4AD6-AA41-964E8740164D}"><Properties action="U" displayDecimal="0" default="0" hive="HKEY_LOCAL_MACHINE" key="SOFTWARE\Microsoft\MSDTC\Security" name="NetworkDtcAccessClients" type="REG_DWORD" value="00000001"/></Registry>
	<Registry clsid="{9CD4B2F4-923D-47f5-A062-E897DD1DAD50}" name="NetworkDtcAccessInbound" status="NetworkDtcAccessInbound" image="12" changed="2017-10-18 20:15:27" uid="{EF21481F-822A-4B5D-A040-B8C5E93B3D70}"><Properties action="U" displayDecimal="0" default="0" hive="HKEY_LOCAL_MACHINE" key="SOFTWARE\Microsoft\MSDTC\Security" name="NetworkDtcAccessInbound" type="REG_DWORD" value="00000001"/></Registry>
	<Registry clsid="{9CD4B2F4-923D-47f5-A062-E897DD1DAD50}" name="NetworkDtcAccessOutbound" status="NetworkDtcAccessOutbound" image="12" changed="2017-10-18 20:15:31" uid="{9699B0CA-A8FE-4D1D-BC23-09F2047619EA}"><Properties action="U" displayDecimal="0" default="0" hive="HKEY_LOCAL_MACHINE" key="SOFTWARE\Microsoft\MSDTC\Security" name="NetworkDtcAccessOutbound" type="REG_DWORD" value="00000001"/></Registry>
	<Registry clsid="{9CD4B2F4-923D-47f5-A062-E897DD1DAD50}" name="NetworkDtcAccessTransactions" status="NetworkDtcAccessTransactions" image="12" changed="2017-10-18 20:15:37" uid="{1C2CB6F9-9483-4921-82E3-4294DAFB6C21}"><Properties action="U" displayDecimal="0" default="0" hive="HKEY_LOCAL_MACHINE" key="SOFTWARE\Microsoft\MSDTC\Security" name="NetworkDtcAccessTransactions" type="REG_DWORD" value="00000001"/></Registry>
	<Registry clsid="{9CD4B2F4-923D-47f5-A062-E897DD1DAD50}" name="XaTransactions" status="XaTransactions" image="12" changed="2017-10-18 20:15:45" uid="{C02DF542-B11F-4255-84A4-F52FBA9558DE}"><Properties action="U" displayDecimal="0" default="0" hive="HKEY_LOCAL_MACHINE" key="SOFTWARE\Microsoft\MSDTC\Security" name="XaTransactions" type="REG_DWORD" value="00000001"/></Registry>
</RegistrySettings>
