<BackupInst xmlns="http://www.microsoft.com/GroupPolicy/GPOOperations/Manifest"><GPOGuid><![CDATA[{31B2F340-016D-11D2-945F-00C04FB984F9}]]></GPOGuid><GPODomain><![CDATA[coris.traning]]></GPODomain><GPODomainGuid><![CDATA[{03e50507-7158-42bb-9389-3b65df9c33cf}]]></GPODomainGuid><GPODomainController><![CDATA[TRCORISDC1.coris.traning]]></GPODomainController><BackupTime><![CDATA[2019-12-09T16:59:36]]></BackupTime><ID><![CDATA[{013E1716-C376-4D85-9EA4-39790266BCA4}]]></ID><Comment><![CDATA[]]></Comment><GPODisplayName><![CDATA[Default Domain Policy]]></GPODisplayName></BackupInst>
