<BackupInst xmlns="http://www.microsoft.com/GroupPolicy/GPOOperations/Manifest"><GPOGuid><![CDATA[{6AC1786C-016F-11D2-945F-00C04fB984F9}]]></GPOGuid><GPODomain><![CDATA[coris.traning]]></GPODomain><GPODomainGuid><![CDATA[{03e50507-7158-42bb-9389-3b65df9c33cf}]]></GPODomainGuid><GPODomainController><![CDATA[TRCORISDC1.coris.traning]]></GPODomainController><BackupTime><![CDATA[2019-12-09T16:59:32]]></BackupTime><ID><![CDATA[{0B09F2FA-BE60-4046-9A64-5D9B07823BE1}]]></ID><Comment><![CDATA[]]></Comment><GPODisplayName><![CDATA[Default Domain Controllers Policy]]></GPODisplayName></BackupInst>
