<Backups xmlns="http://www.microsoft.com/GroupPolicy/GPOOperations/Manifest" xmlns:mfst="http://www.microsoft.com/GroupPolicy/GPOOperations/Manifest" mfst:version="1.0"><BackupInst><GPOGuid><![CDATA[{DE579B7B-6473-447A-A917-365BBC905DCF}]]></GPOGuid><GPODomain><![CDATA[coris.traning]]></GPODomain><GPODomainGuid><![CDATA[{03e50507-7158-42bb-9389-3b65df9c33cf}]]></GPODomainGuid><GPODomainController><![CDATA[TRCORISDC1.coris.traning]]></GPODomainController><BackupTime><![CDATA[2019-12-09T16:59:37]]></BackupTime><ID><![CDATA[{B5587FFA-34DA-4B1C-B08A-BE14BFF90366}]]></ID><Comment><![CDATA[]]></Comment><GPODisplayName><![CDATA[MSDTC]]></GPODisplayName></BackupInst><BackupInst><GPOGuid><![CDATA[{ECBE43DC-1CD0-4C8D-AE0D-EB6F3D6BFB0A}]]></GPOGuid><GPODomain><![CDATA[coris.traning]]></GPODomain><GPODomainGuid><![CDATA[{03e50507-7158-42bb-9389-3b65df9c33cf}]]></GPODomainGuid><GPODomainController><![CDATA[TRCORISDC1.coris.traning]]></GPODomainController><BackupTime><![CDATA[2019-12-09T16:59:37]]></BackupTime><ID><![CDATA[{CC00C0A9-E631-49E2-BE02-2BA19890795C}]]></ID><Comment><![CDATA[]]></Comment><GPODisplayName><![CDATA[GPO_APP_Server]]></GPODisplayName></BackupInst><BackupInst><GPOGuid><![CDATA[{31B2F340-016D-11D2-945F-00C04FB984F9}]]></GPOGuid><GPODomain><![CDATA[coris.traning]]></GPODomain><GPODomainGuid><![CDATA[{03e50507-7158-42bb-9389-3b65df9c33cf}]]></GPODomainGuid><GPODomainController><![CDATA[TRCORISDC1.coris.traning]]></GPODomainController><BackupTime><![CDATA[2019-12-09T16:59:36]]></BackupTime><ID><![CDATA[{013E1716-C376-4D85-9EA4-39790266BCA4}]]></ID><Comment><![CDATA[]]></Comment><GPODisplayName><![CDATA[Default Domain Policy]]></GPODisplayName></BackupInst><BackupInst><GPOGuid><![CDATA[{6AC1786C-016F-11D2-945F-00C04fB984F9}]]></GPOGuid><GPODomain><![CDATA[coris.traning]]></GPODomain><GPODomainGuid><![CDATA[{03e50507-7158-42bb-9389-3b65df9c33cf}]]></GPODomainGuid><GPODomainController><![CDATA[TRCORISDC1.coris.traning]]></GPODomainController><BackupTime><![CDATA[2019-12-09T16:59:32]]></BackupTime><ID><![CDATA[{0B09F2FA-BE60-4046-9A64-5D9B07823BE1}]]></ID><Comment><![CDATA[]]></Comment><GPODisplayName><![CDATA[Default Domain Controllers Policy]]></GPODisplayName></BackupInst></Backups>