<BackupInst xmlns="http://www.microsoft.com/GroupPolicy/GPOOperations/Manifest"><GPOGuid><![CDATA[{DE579B7B-6473-447A-A917-365BBC905DCF}]]></GPOGuid><GPODomain><![CDATA[coris.traning]]></GPODomain><GPODomainGuid><![CDATA[{03e50507-7158-42bb-9389-3b65df9c33cf}]]></GPODomainGuid><GPODomainController><![CDATA[TRCORISDC1.coris.traning]]></GPODomainController><BackupTime><![CDATA[2019-12-09T16:59:37]]></BackupTime><ID><![CDATA[{B5587FFA-34DA-4B1C-B08A-BE14BFF90366}]]></ID><Comment><![CDATA[]]></Comment><GPODisplayName><![CDATA[MSDTC]]></GPODisplayName></BackupInst>
