<?xml version="1.0" encoding="utf-8"?><!-- Copyright (c) Microsoft Corporation.  All rights reserved. --><GroupPolicyBackupScheme bkp:version="2.0" bkp:type="GroupPolicyBackupTemplate" xmlns:bkp="http://www.microsoft.com/GroupPolicy/GPOOperations" xmlns="http://www.microsoft.com/GroupPolicy/GPOOperations">
    <GroupPolicyObject><SecurityGroups><Group><Sid/><SamAccountName><![CDATA[Administrators]]></SamAccountName><Type><![CDATA[Unknown]]></Type><NetBIOSDomainName/><DnsDomainName/><UPN/></Group><Group bkp:Source="FromDACL"><Sid><![CDATA[S-1-5-21-4279941376-2611518491-2569606243-519]]></Sid><SamAccountName><![CDATA[Enterprise Admins]]></SamAccountName><Type><![CDATA[UniversalGroup]]></Type><NetBIOSDomainName><![CDATA[coris]]></NetBIOSDomainName><DnsDomainName><![CDATA[coris.traning]]></DnsDomainName><UPN><![CDATA[Enterprise Admins@coris.traning]]></UPN></Group><Group bkp:Source="FromDACL"><Sid><![CDATA[S-1-5-21-4279941376-2611518491-2569606243-512]]></Sid><SamAccountName><![CDATA[Domain Admins]]></SamAccountName><Type><![CDATA[GlobalGroup]]></Type><NetBIOSDomainName><![CDATA[coris]]></NetBIOSDomainName><DnsDomainName><![CDATA[coris.traning]]></DnsDomainName><UPN><![CDATA[Domain Admins@coris.traning]]></UPN></Group><Group><Sid><![CDATA[S-1-5-21-4279941376-2611518491-2569606243-2102]]></Sid><SamAccountName><![CDATA[DBAdmin]]></SamAccountName><Type><![CDATA[GlobalGroup]]></Type><NetBIOSDomainName><![CDATA[coris]]></NetBIOSDomainName><DnsDomainName><![CDATA[coris.traning]]></DnsDomainName><UPN><![CDATA[DBAdmin@coris.traning]]></UPN></Group></SecurityGroups><FilePaths/><GroupPolicyCoreSettings><ID><![CDATA[{ECBE43DC-1CD0-4C8D-AE0D-EB6F3D6BFB0A}]]></ID><Domain><![CDATA[coris.traning]]></Domain><SecurityDescriptor>01 00 04 9c 00 00 00 00 00 00 00 00 00 00 00 00 14 00 00 00 04 00 ec 00 08 00 00 00 05 02 28 00 00 01 00 00 01 00 00 00 8f fd ac ed b3 ff d1 11 b4 1d 00 a0 c9 68 f9 39 01 01 00 00 00 00 00 05 0b 00 00 00 00 00 24 00 ff 00 0f 00 01 05 00 00 00 00 00 05 15 00 00 00 00 b9 1a ff 1b 9c a8 9b 63 14 29 99 00 02 00 00 00 02 24 00 ff 00 0f 00 01 05 00 00 00 00 00 05 15 00 00 00 00 b9 1a ff 1b 9c a8 9b 63 14 29 99 00 02 00 00 00 02 24 00 ff 00 0f 00 01 05 00 00 00 00 00 05 15 00 00 00 00 b9 1a ff 1b 9c a8 9b 63 14 29 99 07 02 00 00 00 02 14 00 94 00 02 00 01 01 00 00 00 00 00 05 09 00 00 00 00 02 14 00 94 00 02 00 01 01 00 00 00 00 00 05 0b 00 00 00 00 02 14 00 ff 00 0f 00 01 01 00 00 00 00 00 05 12 00 00 00 00 0a 14 00 ff 00 0f 00 01 01 00 00 00 00 00 03 00 00 00 00</SecurityDescriptor><DisplayName><![CDATA[GPO_APP_Server]]></DisplayName><Options><![CDATA[0]]></Options><UserVersionNumber><![CDATA[524296]]></UserVersionNumber><MachineVersionNumber><![CDATA[1310740]]></MachineVersionNumber><MachineExtensionGuids><![CDATA[[{00000000-0000-0000-0000-000000000000}{CEFFA6E2-E3BD-421B-852C-6F6A79A59BC1}][{827D319E-6EAC-11D2-A4EA-00C04F79F83A}{803E14A0-B4FB-11D0-A0D0-00A0C90F574B}][{C418DD9D-0D14-4EFB-8FBF-CFE535C8FAC7}{CEFFA6E2-E3BD-421B-852C-6F6A79A59BC1}]]]></MachineExtensionGuids><UserExtensionGuids/><WMIFilter/></GroupPolicyCoreSettings> 
        <GroupPolicyExtension bkp:ID="{35378EAC-683F-11D2-A89A-00C04FBBCFA2}" bkp:DescName="Registry">
            
            
            <FSObjectFile bkp:Path="%GPO_FSPATH%\Adm\*.*" bkp:SourceExpandedPath="\\TRCORISDC1.coris.traning\sysvol\coris.traning\Policies\{ECBE43DC-1CD0-4C8D-AE0D-EB6F3D6BFB0A}\Adm\*.*"/>
        </GroupPolicyExtension>
        
        
        
        
        <GroupPolicyExtension bkp:ID="{827D319E-6EAC-11D2-A4EA-00C04F79F83A}" bkp:DescName="Security">
            <FSObjectFile bkp:Path="%GPO_MACH_FSPATH%\microsoft\windows nt\SecEdit\GptTmpl.inf" bkp:SourceExpandedPath="\\TRCORISDC1.coris.traning\sysvol\coris.traning\Policies\{ECBE43DC-1CD0-4C8D-AE0D-EB6F3D6BFB0A}\Machine\microsoft\windows nt\SecEdit\GptTmpl.inf" bkp:ReEvaluateFunction="SecurityValidateSettings" bkp:Location="DomainSysvol\GPO\Machine\microsoft\windows nt\SecEdit\GptTmpl.inf"/>
        </GroupPolicyExtension>
        
        
        
        
    <GroupPolicyExtension bkp:ID="{F15C46CD-82A0-4C2D-A210-5D0D3182A418}" bkp:DescName="Unknown Extension"><FSObjectDir bkp:Path="%GPO_MACH_FSPATH%\Applications" bkp:SourceExpandedPath="\\TRCORISDC1.coris.traning\sysvol\coris.traning\Policies\{ECBE43DC-1CD0-4C8D-AE0D-EB6F3D6BFB0A}\Machine\Applications" bkp:Location="DomainSysvol\GPO\Machine\Applications"/><FSObjectDir bkp:Path="%GPO_MACH_FSPATH%\Microsoft" bkp:SourceExpandedPath="\\TRCORISDC1.coris.traning\sysvol\coris.traning\Policies\{ECBE43DC-1CD0-4C8D-AE0D-EB6F3D6BFB0A}\Machine\Microsoft" bkp:Location="DomainSysvol\GPO\Machine\Microsoft"/><FSObjectDir bkp:Path="%GPO_MACH_FSPATH%\Microsoft\Windows NT" bkp:SourceExpandedPath="\\TRCORISDC1.coris.traning\sysvol\coris.traning\Policies\{ECBE43DC-1CD0-4C8D-AE0D-EB6F3D6BFB0A}\Machine\Microsoft\Windows NT" bkp:Location="DomainSysvol\GPO\Machine\Microsoft\Windows NT"/><FSObjectDir bkp:Path="%GPO_MACH_FSPATH%\Microsoft\Windows NT\SecEdit" bkp:SourceExpandedPath="\\TRCORISDC1.coris.traning\sysvol\coris.traning\Policies\{ECBE43DC-1CD0-4C8D-AE0D-EB6F3D6BFB0A}\Machine\Microsoft\Windows NT\SecEdit" bkp:Location="DomainSysvol\GPO\Machine\Microsoft\Windows NT\SecEdit"/><FSObjectDir bkp:Path="%GPO_MACH_FSPATH%\Preferences" bkp:SourceExpandedPath="\\TRCORISDC1.coris.traning\sysvol\coris.traning\Policies\{ECBE43DC-1CD0-4C8D-AE0D-EB6F3D6BFB0A}\Machine\Preferences" bkp:Location="DomainSysvol\GPO\Machine\Preferences"/><FSObjectDir bkp:Path="%GPO_MACH_FSPATH%\Preferences\Shortcuts" bkp:SourceExpandedPath="\\TRCORISDC1.coris.traning\sysvol\coris.traning\Policies\{ECBE43DC-1CD0-4C8D-AE0D-EB6F3D6BFB0A}\Machine\Preferences\Shortcuts" bkp:Location="DomainSysvol\GPO\Machine\Preferences\Shortcuts"/><FSObjectFile bkp:Path="%GPO_MACH_FSPATH%\Preferences\Shortcuts\Shortcuts.xml" bkp:SourceExpandedPath="\\TRCORISDC1.coris.traning\sysvol\coris.traning\Policies\{ECBE43DC-1CD0-4C8D-AE0D-EB6F3D6BFB0A}\Machine\Preferences\Shortcuts\Shortcuts.xml" bkp:Location="DomainSysvol\GPO\Machine\Preferences\Shortcuts\Shortcuts.xml"/><FSObjectDir bkp:Path="%GPO_MACH_FSPATH%\Scripts" bkp:SourceExpandedPath="\\TRCORISDC1.coris.traning\sysvol\coris.traning\Policies\{ECBE43DC-1CD0-4C8D-AE0D-EB6F3D6BFB0A}\Machine\Scripts" bkp:Location="DomainSysvol\GPO\Machine\Scripts"/><FSObjectDir bkp:Path="%GPO_MACH_FSPATH%\Scripts\Shutdown" bkp:SourceExpandedPath="\\TRCORISDC1.coris.traning\sysvol\coris.traning\Policies\{ECBE43DC-1CD0-4C8D-AE0D-EB6F3D6BFB0A}\Machine\Scripts\Shutdown" bkp:Location="DomainSysvol\GPO\Machine\Scripts\Shutdown"/><FSObjectDir bkp:Path="%GPO_MACH_FSPATH%\Scripts\Startup" bkp:SourceExpandedPath="\\TRCORISDC1.coris.traning\sysvol\coris.traning\Policies\{ECBE43DC-1CD0-4C8D-AE0D-EB6F3D6BFB0A}\Machine\Scripts\Startup" bkp:Location="DomainSysvol\GPO\Machine\Scripts\Startup"/><FSObjectDir bkp:Path="%GPO_USER_FSPATH%\Documents &amp; Settings" bkp:SourceExpandedPath="\\TRCORISDC1.coris.traning\sysvol\coris.traning\Policies\{ECBE43DC-1CD0-4C8D-AE0D-EB6F3D6BFB0A}\User\Documents &amp; Settings" bkp:Location="DomainSysvol\GPO\User\Documents &amp; Settings"/><FSObjectDir bkp:Path="%GPO_USER_FSPATH%\Scripts" bkp:SourceExpandedPath="\\TRCORISDC1.coris.traning\sysvol\coris.traning\Policies\{ECBE43DC-1CD0-4C8D-AE0D-EB6F3D6BFB0A}\User\Scripts" bkp:Location="DomainSysvol\GPO\User\Scripts"/><FSObjectDir bkp:Path="%GPO_USER_FSPATH%\Scripts\Logoff" bkp:SourceExpandedPath="\\TRCORISDC1.coris.traning\sysvol\coris.traning\Policies\{ECBE43DC-1CD0-4C8D-AE0D-EB6F3D6BFB0A}\User\Scripts\Logoff" bkp:Location="DomainSysvol\GPO\User\Scripts\Logoff"/><FSObjectDir bkp:Path="%GPO_USER_FSPATH%\Scripts\Logon" bkp:SourceExpandedPath="\\TRCORISDC1.coris.traning\sysvol\coris.traning\Policies\{ECBE43DC-1CD0-4C8D-AE0D-EB6F3D6BFB0A}\User\Scripts\Logon" bkp:Location="DomainSysvol\GPO\User\Scripts\Logon"/></GroupPolicyExtension></GroupPolicyObject>
</GroupPolicyBackupScheme>