<BackupInst xmlns="http://www.microsoft.com/GroupPolicy/GPOOperations/Manifest"><GPOGuid><![CDATA[{ECBE43DC-1CD0-4C8D-AE0D-EB6F3D6BFB0A}]]></GPOGuid><GPODomain><![CDATA[coris.traning]]></GPODomain><GPODomainGuid><![CDATA[{03e50507-7158-42bb-9389-3b65df9c33cf}]]></GPODomainGuid><GPODomainController><![CDATA[TRCORISDC1.coris.traning]]></GPODomainController><BackupTime><![CDATA[2019-12-09T16:59:37]]></BackupTime><ID><![CDATA[{CC00C0A9-E631-49E2-BE02-2BA19890795C}]]></ID><Comment><![CDATA[]]></Comment><GPODisplayName><![CDATA[GPO_APP_Server]]></GPODisplayName></BackupInst>
